<?xml version="1.0"?>
<rss version="2.0" xmlns:atom="http://www.w3.org/2005/Atom">
  <channel>
    <title>MsgTrail - A blog by Erik van Eykelen</title>
    <link>https://www.msgtrail.com/</link>
    <description>A blog by Erik van Eykelen</description>
    <language>en-us</language>
    <pubDate>Tue, 09 Apr 2019 21:44:34 +0200</pubDate>
    <lastBuildDate>Tue, 09 Apr 2019 21:44:34 +0200</lastBuildDate>
    <generator>Msgtrail Static Blog Generator</generator>
    <atom:link href="https://www.msgtrail.com/feed/index.xml" rel="self" type="application/rss+xml" />
    
  <item>
    <title>First post</title>
    <link>https://www.msgtrail.com/articles/20190102-2355-first-post</link>
    <description>
      <![CDATA[
        
          <p>Lorem ipsum dolor sit amet, consectetur adipisicing elit, sed do eiusmod tempor incididunt ut labore et dolore magna aliqua. Ut enim ad minim veniam, quis nostrud exercitation ullamco laboris nisi ut aliquip ex ea commodo consequat.</p>

<blockquote>
<p>Excepteur sint occaecat cupidatat non proident, sunt in culpa qui officia deserunt mollit anim id est laborum.</p>
</blockquote>

<ul>
<li>One</li>
<li>Two</li>
<li>Three</li>
</ul>

<p><a href="https://example.com/">This is a link</a></p>

<p>Duis aute irure dolor in reprehenderit in voluptate velit esse cillum dolore eu fugiat nulla pariatur. Excepteur sint occaecat cupidatat non proident, sunt in culpa qui officia deserunt mollit anim id est laborum.</p>

        
      ]]>
    </description>
    <pubDate>Thu, 03 Jan 2019 00:55:00 +0200</pubDate>
    <guid>https://www.msgtrail.com/articles/20190102-2355-first-post</guid>
  </item>

  <item>
    <title>Markdown example</title>
    <link>https://www.msgtrail.com/articles/20190407-2134-markdown-example</link>
    <description>
      <![CDATA[
        
          <p>It&#39;s very easy to make some words <strong>bold</strong> and other words <em>italic</em> with Markdown. You can even <a href="http://google.com">link to Google!</a></p>

<p>Sometimes you want numbered lists:</p>

<ol>
<li>One</li>
<li>Two</li>
<li>Three</li>
</ol>

<p>Sometimes you want bullet points:</p>

<ul>
<li>Start a line with a star</li>
<li>Profit!</li>
</ul>

<p>Alternatively,</p>

<ul>
<li>Dashes work just as well</li>
<li>And if you have sub points, put two spaces before the dash or star:

<ul>
<li>Like this</li>
<li>And this</li>
</ul></li>
</ul>

<p>If you want to embed images, this is how you do it:</p>

<p><img src="https://octodex.github.com/images/yaktocat.png" alt="Image of Yaktocat"></p>

<h1>Structured documents</h1>

<p>Sometimes it&#39;s useful to have different levels of headings to structure your documents. Start lines with a <code>#</code> to create headings. Multiple <code>##</code> in a row denote smaller heading sizes.</p>

<h3>This is a third-tier heading</h3>

<p>You can use one <code>#</code> all the way up to <code>######</code> six for different heading sizes.</p>

<p>If you&#39;d like to quote someone, use the &gt; character before the line:</p>

<blockquote>
<p>Coffee. The finest organic suspension ever devised... I beat the Borg with it.
- Captain Janeway</p>
</blockquote>

<p>There are many different ways to style code with GitHub&#39;s markdown. If you have inline code blocks, wrap them in backticks: <code>var example = true</code>.  If you&#39;ve got a longer block of code, you can indent with four spaces:</p>

<pre><code>if (isAwesome){
  return true
}
</code></pre>

<p>GitHub also supports something called code fencing, which allows for multiple lines without indentation:</p>

<pre><code>if (isAwesome){
  return true
}
</code></pre>

<p>Source: <a href="https://guides.github.com/features/mastering-markdown/">https://guides.github.com/features/mastering-markdown/</a></p>

        
      ]]>
    </description>
    <pubDate>Sun, 07 Apr 2019 21:34:00 +0200</pubDate>
    <guid>https://www.msgtrail.com/articles/20190407-2134-markdown-example</guid>
  </item>

  <item>
    <title>Writing a programmer-oriented blog engine</title>
    <link>https://www.msgtrail.com/articles/20190406-1316-writing-a-programmer-oriented-blog-engine</link>
    <description>
      <![CDATA[
        
          <p>Writing a programmer-oriented blog engine. Renders static files based on Markdown files, GitHub Gists, and tweets. Yes, I know about Hugo, Jekyll, etc but this is so much fun to develop. Making it small and tidy. Configurable but just fine by default. Support for themes.</p>

        
      ]]>
    </description>
    <pubDate>Sat, 06 Apr 2019 13:16:00 +0200</pubDate>
    <guid>https://www.msgtrail.com/articles/20190406-1316-writing-a-programmer-oriented-blog-engine</guid>
  </item>


  </channel>
</rss>
